{
  "project_info": {
    "project_number": "501671573699",
    "project_id": "vision-ezhilan",
    "storage_bucket": "vision-ezhilan.appspot.com"
  },
  "client": [
    {
      "client_info": {
        "mobilesdk_app_id": "1:501671573699:android:232069bfee1bf3b58e0a76",
        "android_client_info": {
          "package_name": "com.project.vision_ezhilan"
        }
      },
      "oauth_client": [
        {
          "client_id": "501671573699-u339h4nhgqm7u967pq4suf6rrikiol7g.apps.googleusercontent.com",
          "client_type": 3
        }
      ],
      "api_key": [
        {
          "current_key": "AIzaSyAlJ52adLHN3StpFZf7tb2muPG-k52x4Q8"
        }
      ],
      "services": {
        "appinvite_service": {
          "other_platform_oauth_client": [
            {
              "client_id": "501671573699-u339h4nhgqm7u967pq4suf6rrikiol7g.apps.googleusercontent.com",
              "client_type": 3
            }
          ]
        }
      }
    }
  ],
  "configuration_version": "1"
}